name,version,license,category,fall,licensecheck_compat,field_of_use_flag,action
CUDA-BINDINGS,12.9.4,LICENSEREF-NVIDIA-SOFTWARE-LICENSE,Unknown,3,False,,Do not use. Escalate to Tobias proactively.
CUDA-TOOLKIT,12.6.3,UNKNOWN,Unknown,3,False,,Do not use. Escalate to Tobias proactively.
FSSPEC,2026.4.0,UNKNOWN,Unknown,3,False,,Do not use. Escalate to Tobias proactively.
LANG-SAM,0.2.1,UNKNOWN,Unknown,3,False,,Do not use. Escalate to Tobias proactively.
NVIDIA-CUBLAS-CU12,12.6.4.1,OTHER_PROPRIETARY LICENSE,Unknown,3,False,,Do not use. Escalate to Tobias proactively.
NVIDIA-CUDA-CUPTI-CU12,12.6.80,OTHER_PROPRIETARY LICENSE,Unknown,3,False,,Do not use. Escalate to Tobias proactively.
NVIDIA-CUDA-NVRTC-CU12,12.6.85,OTHER_PROPRIETARY LICENSE,Unknown,3,False,,Do not use. Escalate to Tobias proactively.
NVIDIA-CUDA-RUNTIME-CU12,12.6.77,OTHER_PROPRIETARY LICENSE,Unknown,3,False,,Do not use. Escalate to Tobias proactively.
NVIDIA-CUDNN-CU12,9.10.2.21,OTHER_PROPRIETARY LICENSE,Unknown,3,False,,Do not use. Escalate to Tobias proactively.
NVIDIA-CUFFT-CU12,11.3.0.4,OTHER_PROPRIETARY LICENSE,Unknown,3,False,,Do not use. Escalate to Tobias proactively.
NVIDIA-CUFILE-CU12,1.11.1.6,OTHER_PROPRIETARY LICENSE,Unknown,3,False,,Do not use. Escalate to Tobias proactively.
NVIDIA-CURAND-CU12,10.3.7.77,OTHER_PROPRIETARY LICENSE,Unknown,3,False,,Do not use. Escalate to Tobias proactively.
NVIDIA-CUSOLVER-CU12,11.7.1.2,OTHER_PROPRIETARY LICENSE,Unknown,3,False,,Do not use. Escalate to Tobias proactively.
NVIDIA-CUSPARSE-CU12,12.5.4.2,OTHER_PROPRIETARY LICENSE,Unknown,3,False,,Do not use. Escalate to Tobias proactively.
NVIDIA-CUSPARSELT-CU12,0.7.1,NVIDIA PROPRIETARY SOFTWARE,Unknown,3,False,,Do not use. Escalate to Tobias proactively.
NVIDIA-NCCL-CU12,2.29.3,UNKNOWN,Unknown,3,False,,Do not use. Escalate to Tobias proactively.
NVIDIA-NVJITLINK-CU12,12.6.85,OTHER_PROPRIETARY LICENSE,Unknown,3,False,,Do not use. Escalate to Tobias proactively.
NVIDIA-NVSHMEM-CU12,3.4.5,UNKNOWN,Unknown,3,False,,Do not use. Escalate to Tobias proactively.
NVIDIA-NVTX-CU12,12.6.77,OTHER_PROPRIETARY LICENSE,Unknown,3,False,,Do not use. Escalate to Tobias proactively.
TYPING-EXTENSIONS,4.15.0,PSF-2.0,Unknown,3,True,,Do not use. Escalate to Tobias proactively.
CERTIFI,2026.6.17,MOZILLA PUBLIC LICENSE 2.0 _MPL 2.0_,Weakly Protective,2,True,,"Check for a permissive alternative (Option A). If none, dynamic/modular integration only (Schritt 3) - own directory + own LICENSE file."
ORJSON,3.11.9,APACHE SOFTWARE LICENSE;; MIT LICENSE;; MOZILLA PUBLIC LICENSE 2.0 _MPL 2.0_,Weakly Protective,2,True,,"Check for a permissive alternative (Option A). If none, dynamic/modular integration only (Schritt 3) - own directory + own LICENSE file."
PYZMQ,25.1.2,BSD LICENSE;; GNU LIBRARY;; LESSER GENERAL PUBLIC LICENSE _LGPL_,Weakly Protective,2,True,,"Check for a permissive alternative (Option A). If none, dynamic/modular integration only (Schritt 3) - own directory + own LICENSE file."
TQDM,4.68.4,MIT;; MPL-2.0,Weakly Protective,2,True,,"Check for a permissive alternative (Option A). If none, dynamic/modular integration only (Schritt 3) - own directory + own LICENSE file."
ANNOTATED-DOC,0.0.4,MIT,Permissive,1,True,,OK - satisfy attribution/NOTICE duties
ANNOTATED-TYPES,0.7.0,MIT LICENSE,Permissive,1,True,,OK - satisfy attribution/NOTICE duties
ANTLR4-PYTHON3-RUNTIME,4.9.3,BSD,Permissive,1,True,,OK - satisfy attribution/NOTICE duties
ANYIO,4.14.1,MIT,Permissive,1,True,,OK - satisfy attribution/NOTICE duties
ASTTOKENS,2.4.1,APACHE 2.0,Permissive,1,True,,OK - satisfy attribution/NOTICE duties
AV,17.1.0,BSD-3-CLAUSE,Permissive,1,True,,OK - satisfy attribution/NOTICE duties
BERT-SCORE,0.3.13,MIT LICENSE,Permissive,1,True,,OK - satisfy attribution/NOTICE duties
BLIS,1.3.3,BSD LICENSE,Permissive,1,True,,OK - satisfy attribution/NOTICE duties
BROTLI,1.2.0,MIT,Permissive,1,True,,OK - satisfy attribution/NOTICE duties
CATALOGUE,2.0.10,MIT LICENSE,Permissive,1,True,,OK - satisfy attribution/NOTICE duties
CHARSET-NORMALIZER,3.4.9,MIT,Permissive,1,True,,OK - satisfy attribution/NOTICE duties
CLICK,8.4.2,BSD-3-CLAUSE,Permissive,1,True,,OK - satisfy attribution/NOTICE duties
CLIP,1.0,MIT LICENSE,Permissive,1,True,,OK - satisfy attribution/NOTICE duties
CLOUDPATHLIB,0.24.0,MIT LICENSE,Permissive,1,True,,OK - satisfy attribution/NOTICE duties
COMM,0.2.2,BSD LICENSE,Permissive,1,True,,OK - satisfy attribution/NOTICE duties
CONFECTION,1.3.3,MIT LICENSE,Permissive,1,True,,OK - satisfy attribution/NOTICE duties
CONTOURPY,1.3.2,BSD LICENSE,Permissive,1,True,,OK - satisfy attribution/NOTICE duties
CUDA-PATHFINDER,1.2.2,APACHE-2.0,Permissive,1,True,,OK - satisfy attribution/NOTICE duties
CYCLER,0.12.1,BSD LICENSE,Permissive,1,True,,OK - satisfy attribution/NOTICE duties
CYMEM,2.0.13,MIT LICENSE,Permissive,1,True,,OK - satisfy attribution/NOTICE duties
DEBUGPY,1.8.1,MIT LICENSE,Permissive,1,True,,OK - satisfy attribution/NOTICE duties
DECORATOR,5.1.1,BSD LICENSE,Permissive,1,True,,OK - satisfy attribution/NOTICE duties
DEFUSEDXML,0.7.1,PYTHON SOFTWARE FOUNDATION LICENSE,Permissive,1,True,,OK - satisfy attribution/NOTICE duties
EN-CORE-WEB-SM,3.8.0,MIT,Permissive,1,True,,OK - satisfy attribution/NOTICE duties
EXCEPTIONGROUP,1.3.1,MIT LICENSE,Permissive,1,True,,OK - satisfy attribution/NOTICE duties
EXECUTING,2.0.1,MIT LICENSE,Permissive,1,True,,OK - satisfy attribution/NOTICE duties
FASTAPI,0.139.0,MIT,Permissive,1,True,,OK - satisfy attribution/NOTICE duties
FILELOCK,3.29.0,MIT LICENSE,Permissive,1,True,,OK - satisfy attribution/NOTICE duties
FONTTOOLS,4.63.0,MIT,Permissive,1,True,,OK - satisfy attribution/NOTICE duties
FTFY,6.3.1,APACHE-2.0,Permissive,1,True,,OK - satisfy attribution/NOTICE duties
GRADIO,6.20.0,APACHE-2.0,Permissive,1,True,,OK - satisfy attribution/NOTICE duties
GRADIO-CLIENT,2.5.0,APACHE SOFTWARE LICENSE,Permissive,1,True,,OK - satisfy attribution/NOTICE duties
GROOVY,0.1.2,MIT LICENSE,Permissive,1,True,,OK - satisfy attribution/NOTICE duties
H11,0.16.0,MIT LICENSE,Permissive,1,True,,OK - satisfy attribution/NOTICE duties
HF-GRADIO,0.4.1,MIT,Permissive,1,True,,OK - satisfy attribution/NOTICE duties
HF-XET,1.5.1,APACHE SOFTWARE LICENSE,Permissive,1,True,,OK - satisfy attribution/NOTICE duties
HTTPCORE,1.0.9,BSD LICENSE,Permissive,1,True,,OK - satisfy attribution/NOTICE duties
HTTPTOOLS,0.8.0,MIT,Permissive,1,True,,OK - satisfy attribution/NOTICE duties
HTTPX,0.28.1,BSD LICENSE,Permissive,1,True,,OK - satisfy attribution/NOTICE duties
HUGGINGFACE-HUB,1.22.0,APACHE SOFTWARE LICENSE,Permissive,1,True,,OK - satisfy attribution/NOTICE duties
HYDRA-CORE,1.3.4,MIT LICENSE,Permissive,1,True,,OK - satisfy attribution/NOTICE duties
IDNA,3.18,BSD-3-CLAUSE,Permissive,1,True,,OK - satisfy attribution/NOTICE duties
INFLECT,7.5.0,MIT LICENSE,Permissive,1,True,,OK - satisfy attribution/NOTICE duties
IOPATH,0.1.10,MIT LICENSED_ AS FOUND IN THE LICENSE FILE,Permissive,1,True,,OK - satisfy attribution/NOTICE duties
IPYKERNEL,6.29.4,BSD LICENSE,Permissive,1,True,,OK - satisfy attribution/NOTICE duties
IPYTHON,8.22.2,BSD LICENSE,Permissive,1,True,,OK - satisfy attribution/NOTICE duties
JEDI,0.19.1,MIT LICENSE,Permissive,1,True,,OK - satisfy attribution/NOTICE duties
JINJA2,3.1.6,BSD LICENSE,Permissive,1,True,,OK - satisfy attribution/NOTICE duties
JOBLIB,1.5.3,BSD-3-CLAUSE,Permissive,1,True,,OK - satisfy attribution/NOTICE duties
JUPYTER-CLIENT,8.6.1,BSD LICENSE,Permissive,1,True,,OK - satisfy attribution/NOTICE duties
JUPYTER-CORE,5.7.2,BSD LICENSE,Permissive,1,True,,OK - satisfy attribution/NOTICE duties
KIWISOLVER,1.5.0,BSD LICENSE,Permissive,1,True,,OK - satisfy attribution/NOTICE duties
LITSERVE,0.2.17,APACHE SOFTWARE LICENSE,Permissive,1,True,,OK - satisfy attribution/NOTICE duties
MARKDOWN-IT-PY,4.2.0,MIT LICENSE,Permissive,1,True,,OK - satisfy attribution/NOTICE duties
MARKUPSAFE,3.0.3,BSD-3-CLAUSE,Permissive,1,True,,OK - satisfy attribution/NOTICE duties
MATPLOTLIB,3.10.9,PYTHON SOFTWARE FOUNDATION LICENSE,Permissive,1,True,,OK - satisfy attribution/NOTICE duties
MATPLOTLIB-INLINE,0.1.6,BSD 3-CLAUSE,Permissive,1,True,,OK - satisfy attribution/NOTICE duties
MDURL,0.1.2,MIT LICENSE,Permissive,1,True,,OK - satisfy attribution/NOTICE duties
MORE-ITERTOOLS,11.1.0,MIT,Permissive,1,True,,OK - satisfy attribution/NOTICE duties
MPMATH,1.3.0,BSD LICENSE,Permissive,1,True,,OK - satisfy attribution/NOTICE duties
MURMURHASH,1.0.15,MIT LICENSE,Permissive,1,True,,OK - satisfy attribution/NOTICE duties
NEST-ASYNCIO,1.6.0,BSD LICENSE,Permissive,1,True,,OK - satisfy attribution/NOTICE duties
NETWORKX,3.4.2,BSD LICENSE,Permissive,1,True,,OK - satisfy attribution/NOTICE duties
NLTK,3.10.0,APACHE SOFTWARE LICENSE,Permissive,1,True,,OK - satisfy attribution/NOTICE duties
NUMPY,2.2.6,BSD LICENSE,Permissive,1,True,,OK - satisfy attribution/NOTICE duties
OMEGACONF,2.3.1,BSD LICENSE,Permissive,1,True,,OK - satisfy attribution/NOTICE duties
OPENCV-PYTHON-HEADLESS,5.0.0.93,APACHE SOFTWARE LICENSE,Permissive,1,True,,OK - satisfy attribution/NOTICE duties
PACKAGING,26.2,APACHE-2.0;; BSD-2-CLAUSE,Permissive,1,True,,OK - satisfy attribution/NOTICE duties
PANDAS,2.3.3,BSD LICENSE,Permissive,1,True,,OK - satisfy attribution/NOTICE duties
PARSO,0.8.3,MIT LICENSE,Permissive,1,True,,OK - satisfy attribution/NOTICE duties
PILLOW,12.2.0,MIT-CMU,Permissive,1,True,,OK - satisfy attribution/NOTICE duties
PORTALOCKER,3.2.0,BSD-3-CLAUSE,Permissive,1,True,,OK - satisfy attribution/NOTICE duties
PRESHED,3.0.13,MIT LICENSE,Permissive,1,True,,OK - satisfy attribution/NOTICE duties
PROMPT-TOOLKIT,3.0.43,BSD LICENSE,Permissive,1,True,,OK - satisfy attribution/NOTICE duties
PSUTIL,7.2.2,BSD-3-CLAUSE,Permissive,1,True,,OK - satisfy attribution/NOTICE duties
PURE-EVAL,0.2.2,MIT LICENSE,Permissive,1,True,,OK - satisfy attribution/NOTICE duties
PYCOCOTOOLS,2.0.11,FREEBSD,Permissive,1,True,,OK - satisfy attribution/NOTICE duties
PYDANTIC,2.13.4,MIT,Permissive,1,True,,OK - satisfy attribution/NOTICE duties
PYDANTIC-CORE,2.46.4,MIT,Permissive,1,True,,OK - satisfy attribution/NOTICE duties
PYDEPRECATE,0.9.0,APACHE-2.0,Permissive,1,True,,OK - satisfy attribution/NOTICE duties
PYDUB,0.25.1,MIT LICENSE,Permissive,1,True,,OK - satisfy attribution/NOTICE duties
PYGMENTS,2.20.0,BSD-2-CLAUSE,Permissive,1,True,,OK - satisfy attribution/NOTICE duties
PYPARSING,3.3.2,MIT,Permissive,1,True,,OK - satisfy attribution/NOTICE duties
PYTHON-DATEUTIL,2.9.0.post0,APACHE SOFTWARE LICENSE;; BSD LICENSE,Permissive,1,True,,OK - satisfy attribution/NOTICE duties
PYTHON-DOTENV,1.2.2,BSD-3-CLAUSE,Permissive,1,True,,OK - satisfy attribution/NOTICE duties
PYTHON-MULTIPART,0.0.32,APACHE SOFTWARE LICENSE,Permissive,1,True,,OK - satisfy attribution/NOTICE duties
PYTZ,2026.2,MIT LICENSE,Permissive,1,True,,OK - satisfy attribution/NOTICE duties
PYYAML,6.0.3,MIT LICENSE,Permissive,1,True,,OK - satisfy attribution/NOTICE duties
QWEN-VL-UTILS,0.0.14,APACHE SOFTWARE LICENSE,Permissive,1,True,,OK - satisfy attribution/NOTICE duties
REGEX,2026.6.28,APACHE-2.0;; CNRI-PYTHON,Permissive,1,True,,OK - satisfy attribution/NOTICE duties
REQUESTS,2.34.2,APACHE SOFTWARE LICENSE,Permissive,1,True,,OK - satisfy attribution/NOTICE duties
RICH,15.0.0,MIT LICENSE,Permissive,1,True,,OK - satisfy attribution/NOTICE duties
SAFEHTTPX,0.1.7,MIT LICENSE,Permissive,1,True,,OK - satisfy attribution/NOTICE duties
SAFETENSORS,0.8.0,APACHE SOFTWARE LICENSE,Permissive,1,True,,OK - satisfy attribution/NOTICE duties
SAM-2,1.0,APACHE 2.0,Permissive,1,True,,OK - satisfy attribution/NOTICE duties
SCIKIT-LEARN,1.7.2,BSD-3-CLAUSE,Permissive,1,True,,OK - satisfy attribution/NOTICE duties
SCIPY,1.15.2,BSD LICENSE,Permissive,1,True,,OK - satisfy attribution/NOTICE duties
SEMANTIC-VERSION,2.10.0,BSD LICENSE,Permissive,1,True,,OK - satisfy attribution/NOTICE duties
SHELLINGHAM,1.5.4,ISC LICENSE _ISCL_,Permissive,1,True,,OK - satisfy attribution/NOTICE duties
SIX,1.17.0,MIT LICENSE,Permissive,1,True,,OK - satisfy attribution/NOTICE duties
SMART-OPEN,8.0.0,MIT LICENSE,Permissive,1,True,,OK - satisfy attribution/NOTICE duties
SPACY,3.8.14,MIT LICENSE,Permissive,1,True,,OK - satisfy attribution/NOTICE duties
SPACY-LEGACY,3.0.12,MIT LICENSE,Permissive,1,True,,OK - satisfy attribution/NOTICE duties
SPACY-LOGGERS,1.0.5,MIT,Permissive,1,True,,OK - satisfy attribution/NOTICE duties
SRSLY,2.5.3,MIT LICENSE,Permissive,1,True,,OK - satisfy attribution/NOTICE duties
STACK-DATA,0.6.3,MIT LICENSE,Permissive,1,True,,OK - satisfy attribution/NOTICE duties
STARLETTE,1.3.1,BSD-3-CLAUSE,Permissive,1,True,,OK - satisfy attribution/NOTICE duties
SUPERVISION,0.29.1,MIT,Permissive,1,True,,OK - satisfy attribution/NOTICE duties
SYMPY,1.14.0,BSD LICENSE,Permissive,1,True,,OK - satisfy attribution/NOTICE duties
THINC,8.3.13,MIT LICENSE,Permissive,1,True,,OK - satisfy attribution/NOTICE duties
THREADPOOLCTL,3.6.0,BSD LICENSE,Permissive,1,True,,OK - satisfy attribution/NOTICE duties
TOKENIZERS,0.22.2,APACHE SOFTWARE LICENSE,Permissive,1,True,,OK - satisfy attribution/NOTICE duties
TOMLKIT,0.14.0,MIT LICENSE,Permissive,1,True,,OK - satisfy attribution/NOTICE duties
TORCH,2.12.1+cu126,BSD-3-CLAUSE,Permissive,1,True,,OK - satisfy attribution/NOTICE duties
TORCHVISION,0.27.1+cu126,BSD,Permissive,1,True,,OK - satisfy attribution/NOTICE duties
TORNADO,6.4,APACHE SOFTWARE LICENSE,Permissive,1,True,,OK - satisfy attribution/NOTICE duties
TRAITLETS,5.14.2,BSD LICENSE,Permissive,1,True,,OK - satisfy attribution/NOTICE duties
TRANSFORMERS,5.13.0,APACHE 2.0 LICENSE,Permissive,1,True,,OK - satisfy attribution/NOTICE duties
TRITON,3.7.1,MIT LICENSE,Permissive,1,True,,OK - satisfy attribution/NOTICE duties
TYPEGUARD,4.5.2,MIT,Permissive,1,True,,OK - satisfy attribution/NOTICE duties
TYPER,0.26.8,MIT,Permissive,1,True,,OK - satisfy attribution/NOTICE duties
TYPING-INSPECTION,0.4.2,MIT,Permissive,1,True,,OK - satisfy attribution/NOTICE duties
TZDATA,2026.2,APACHE-2.0,Permissive,1,True,,OK - satisfy attribution/NOTICE duties
URLLIB3,2.7.0,MIT,Permissive,1,True,,OK - satisfy attribution/NOTICE duties
UVICORN,0.51.0,BSD-3-CLAUSE,Permissive,1,True,,OK - satisfy attribution/NOTICE duties
UVLOOP,0.22.1,APACHE SOFTWARE LICENSE;; MIT LICENSE,Permissive,1,True,,OK - satisfy attribution/NOTICE duties
WASABI,1.1.3,MIT,Permissive,1,True,,OK - satisfy attribution/NOTICE duties
WATCHFILES,1.2.0,MIT LICENSE,Permissive,1,True,,OK - satisfy attribution/NOTICE duties
WCWIDTH,0.2.13,MIT LICENSE,Permissive,1,True,,OK - satisfy attribution/NOTICE duties
WEASEL,1.0.0,MIT LICENSE,Permissive,1,True,,OK - satisfy attribution/NOTICE duties
WEBSOCKETS,16.0,BSD-3-CLAUSE,Permissive,1,True,,OK - satisfy attribution/NOTICE duties
WRAPT,2.2.2,BSD-2-CLAUSE,Permissive,1,True,,OK - satisfy attribution/NOTICE duties
